model,stage,edit_type,count
Qwen/Qwen3-8B,retrieval_self_refine,correct_deleted,0
Qwen/Qwen3-8B,feedback,correct_deleted,0
Qwen/Qwen3-8B,guarded,correct_deleted,0
Qwen/Qwen3-8B,retrieval_self_refine,wrong_deleted,15
Qwen/Qwen3-8B,feedback,wrong_deleted,12
Qwen/Qwen3-8B,guarded,wrong_deleted,10
Qwen/Qwen3-8B,retrieval_self_refine,correct_added,1
Qwen/Qwen3-8B,feedback,correct_added,1
Qwen/Qwen3-8B,guarded,correct_added,1
Qwen/Qwen3-8B,retrieval_self_refine,wrong_added,15
Qwen/Qwen3-8B,feedback,wrong_added,13
Qwen/Qwen3-8B,guarded,wrong_added,7
deepseek-ai/DeepSeek-V3.2,retrieval_self_refine,correct_deleted,0
deepseek-ai/DeepSeek-V3.2,feedback,correct_deleted,1
deepseek-ai/DeepSeek-V3.2,guarded,correct_deleted,0
deepseek-ai/DeepSeek-V3.2,retrieval_self_refine,wrong_deleted,3
deepseek-ai/DeepSeek-V3.2,feedback,wrong_deleted,6
deepseek-ai/DeepSeek-V3.2,guarded,wrong_deleted,3
deepseek-ai/DeepSeek-V3.2,retrieval_self_refine,correct_added,22
deepseek-ai/DeepSeek-V3.2,feedback,correct_added,18
deepseek-ai/DeepSeek-V3.2,guarded,correct_added,14
deepseek-ai/DeepSeek-V3.2,retrieval_self_refine,wrong_added,52
deepseek-ai/DeepSeek-V3.2,feedback,wrong_added,58
deepseek-ai/DeepSeek-V3.2,guarded,wrong_added,35
