model,stage,tp,fp,fn,f1_percent,original_deterministic_lower_percent,original_deterministic_upper_percent
Qwen/Qwen3-8B,baseline,33,187,183,15.137614678899084,8.728354108182366,21.63355408388521
Qwen/Qwen3-8B,retrieval,36,161,180,17.433414043583532,11.510719995432227,23.8412390746424
Qwen/Qwen3-8B,retrieval_self_refine,37,161,179,17.874396135265698,12.149141672858093,23.918804817948406
Qwen/Qwen3-8B,feedback,37,162,179,17.83132530120482,12.04138414442251,24.01479315857477
Qwen/Qwen3-8B,guarded,37,158,179,18.004866180048662,12.201001372849875,24.31794992543756
deepseek-ai/DeepSeek-V3.2,baseline,65,112,151,33.078880407124686,27.027027027027028,38.22860962566845
deepseek-ai/DeepSeek-V3.2,retrieval,78,74,138,42.391304347826086,33.11258278145696,50.129232699819866
deepseek-ai/DeepSeek-V3.2,retrieval_self_refine,100,123,116,45.558086560364465,37.960236554248254,52.85460863648513
deepseek-ai/DeepSeek-V3.2,feedback,95,126,121,43.47826086956522,35.356016444744434,51.01626838950727
deepseek-ai/DeepSeek-V3.2,guarded,92,106,124,44.44444444444444,36.460990260291176,51.705609318211664
